Country Name,1995,1996,1997,1998,1999,2000,2001,2002,2003,2004,2005,2006,2007,2008,2009,2010,2011,2012,2013,2014,2015,2016,2017,2018,2019
Aruba,27.80641,26.58060201,28.53309913,38.21337389,62.54294918,46.81596081,40.87787432,57.63461509,48.58619013,22.54741197,19.16486203,17.65771012,18.17059761,19.1510509,35.04185808,68.72600349,19.79269464,44.81109161,69.65653879,70.66357728,68.07185367,74.94845556,80.45723011,79.57718716,82.32840759
Afghanistan,,,,,,,,,,,,,,3.074576293,4.216855428,5.728735463,5.396046735,7.170886995,12.94098947,6.09459211,6.0678732,5.457683032,1.387809422,3.106608835,5.607752558
Angola,0.703902592,0.708603698,0.466445105,1.064207166,0.583858021,0.415242324,0.519532955,0.59756194,0.648865067,0.594298944,0.424108521,0.272892459,0.527882655,0.456078041,1.336513078,1.411031258,0.959693702,0.989241065,1.78401432,2.624433321,3.400383362,2.219099526,2.483283115,1.345771733,1.122792484
Albania,23.04906157,25.20783052,34.21211511,43.75410195,55.96919127,71.77637511,68.52020662,73.74321772,63.41740743,60.48882102,60.24210796,56.53711425,60.01474923,56.35852031,65.75784538,53.48460236,48.53889723,45.64665762,45.13229832,49.54149643,51.96444312,52.93792043,49.47156282,48.19516798,50.97062306
Andorra,,,,,,,,,,,,,,,,,,,,,,,,,81.80221608
United Arab Emirates,,,,,,,,,,,,,,,,,,,,,,,,,
Argentina,10.21780678,10.4662293,10.16973049,10.72755076,11.34037167,10.22828105,8.856965228,5.906141906,6.715981269,6.690603601,6.843354152,7.199902644,7.607116078,6.463307133,6.715850377,6.909259852,6.20590596,6.005464449,5.801929549,6.897874143,7.770352221,7.657109367,7.860524841,7.776450365,7.074492521
Armenia,4.61103089,4.868162613,9.847431247,11.418069,12.1823925,11.44934892,14.41321254,10.83516994,9.167383824,16.91469342,16.65697813,24.65527039,26.51833129,29.01790024,36.55485162,31.39315511,27.78788817,29.23864998,28.68228313,29.95468728,30.4812653,29.10066946,27.76074152,27.48016515,27.15944334
American Samoa,,,,,,,,,,,,,,,,,,,,,,,,,
Antigua and Barbuda,,,,,,,,,,,,,,,,,,,,78.16724235,78.90855354,80.91403978,82.93770007,82.2763066,82.96384612
Australia,14.7757454,14.88172902,13.90508372,13.90461516,15.24722781,13.80413131,13.89261886,14.37672599,15.92222649,15.69339716,14.34642355,12.93700885,13.67475749,11.68512543,13.79206738,11.93624038,10.58645936,10.94183769,10.60776435,11.92497956,14.91076431,15.56755988,14.82069294,14.45611316,14.00148417
Austria,,,,,,,,,,,11.61849029,,,,,,,,,,10.08995257,10.12768591,9.949776425,10.076343,10.51486475
Azerbaijan,11.08691247,7.188573951,15.30364253,14.16634058,7.254171344,3.21041989,2.406320263,2.372753558,2.303944221,1.915955055,1.228573071,1.465614924,1.418013586,1.197900463,2.394629176,2.805051572,4.049801653,7.179874697,7.290028319,8.3331237,12.65599197,16.24115319,16.19919016,11.10480095,8.48126077
Burundi,1.874935754,4.204254004,1.553443302,1.898302772,2.019364359,2.640132955,2.027653292,4.152928662,2.676456698,2.801189034,1.98756449,1.717334839,2.56605952,1.04594017,1.436465835,1.161968068,1.570029215,,,,,,,,
Belgium,,,,,,,,3.880488295,4.048872833,3.85826613,3.815443615,3.779964956,3.41959992,,3.806016414,3.43357261,3.291088207,3.364689246,3.407676784,3.494492252,2.495242521,2.324173187,2.304391939,2.287295599,2.404054195
Benin,,12.18763353,10.40711239,11.53421159,15.77208897,14.6120668,16.40857689,15.67559435,15.095914,15.38957299,13.94742759,12.75470071,15.28059536,14.44267377,9.053829772,9.002109166,12.07830376,9.272816829,7.729362941,5.02321952,5.40838377,4.044275467,4.827523821,4.548266929,6.718673299
Burkina Faso,,,,,,,,,,,8.434050959,8.230097263,8.226009232,8.300933412,9.363854083,5.55280134,4.116018416,3.891915229,6.329419061,5.696966478,5.517391198,5.25608554,4.609819685,3.967777796,3.872264597
Bangladesh,,,,,,,,0.856932865,0.744172998,0.833568741,0.777142605,,,,0.451680314,0.475652503,0.359391214,0.380558123,0.414095692,0.465858684,0.429806121,0.56899835,0.88842516,0.809009438,0.869641803
Bulgaria,9.769198985,8.647421758,10.72769904,19.22656313,20.43220055,19.4862686,17.41229815,18.45575246,20.46012158,20.05546654,18.95627838,16.26719104,15.89852061,15.93630647,18.36670725,15.04511757,12.62668188,12.16930488,12.25675483,12.23871177,10.98686565,12.02334523,11.69452193,11.62871385,10.97154234
Bahrain,12.36032944,10.97171072,11.51345517,15.64476244,15.03340351,11.90057716,13.41128142,14.16035296,15.11152812,14.55005814,11.96543166,11.40319984,10.7078738,9.076186897,11.92629975,12.09709951,7.696326947,5.578011482,5.498062031,5.965234699,11.02018558,16.90761678,16.38474625,12.73866709,
Bahamas,76.70984896,76.10045909,75.58663065,71.99746822,72.39286038,71.90260949,74.95610678,71.38086178,71.33673761,69.70318276,68.00572287,65.8041419,64.62398163,61.75233534,66.14324766,67.5530224,64.83031859,63.4761775,63.565971,65.64109974,74.76501263,79.6401911,78.4280042,79.04232343,80.3897619
Bosnia and Herzegovina,,,,22.86453933,19.91561452,15.57168812,17.10633913,18.78971238,18.37624642,17.18517838,15.71550377,14.55372247,18.75179633,17.66545672,16.99543133,12.99455186,12.07215984,12.32455511,12.26060203,11.97072557,13.78682811,14.22842182,13.23882196,13.34899745,14.95066402
Belarus,0.531400049,0.910706021,0.510366826,0.760841998,1.437567386,2.667499078,3.47239953,3.428558146,3.115379314,2.417055599,1.973050187,1.859123847,1.782464862,1.614069165,2.312931877,2.266599862,1.603689129,1.898402723,2.620631808,2.835695645,3.083329021,3.398513192,3.072790569,2.888723804,3.073265213
Belize,,30.72991638,29.28390291,30.92373167,,,,,,,,,,,,,,,,,,,,,
Bermuda,,,,,,,,,,,,,,,,,34.00333748,32.00282162,32.13419545,30.11316078,29.3746488,33.49844943,36.76864703,36.76937789,37.44420842
Bolivia,7.456638029,7.616552291,9.124087591,10.10920897,9.461315428,6.870635677,7.825352494,9.194296003,12.39034143,11.04599229,10.52023955,7.587331764,6.579564181,4.300112055,5.635400629,4.958318732,5.469767816,5.147660788,5.010721141,5.327982447,8.159225306,9.994335887,9.67796798,9.116255895,9.512121591
Brazil,2.061131058,1.416980916,1.730961136,2.390899488,3.142858273,3.078735292,2.756143706,3.088948405,3.226061196,3.132621426,3.117175413,2.932319626,2.883059548,2.690011158,3.137319978,2.381617752,2.178753032,2.358783914,2.427716094,2.805942481,2.795880474,3.040199424,2.445948142,2.300450239,2.355859588
Barbados,60.26062438,53.26230255,56.69085262,59.36990174,58.10803471,56.68353677,55.88859775,53.13358698,57.64563872,57.49722521,51.34324138,52.18935002,55.17788615,53.4153807,56.7395525,50.6646941,46.17365059,44.72695981,42.16370353,38.82327542,41.30148849,44.79383825,,,
Brunei,,,,,,,3.756909706,2.732386152,2.5512787,3.224615105,2.785445685,2.675753382,2.739584663,2.092529591,3.140923818,,,0.688381673,0.778711026,0.67705287,2.17032048,2.695598729,2.937396469,2.698503885,
Bhutan,,,,,,,,,,,,9.897231477,7.381331243,7.19052711,8.880857833,10.83854679,10.19350046,12.75659898,17.37061572,15.01945378,16.97441954,21.63964627,21.35836519,15.40180639,15.43350566
Botswana,7.271036665,4.410816413,4.653433333,7.730452627,7.995001632,7.566961797,8.79786793,11.42137159,12.51572662,13.10826158,10.68328794,10.19430888,9.121269979,9.382979919,15.88319537,8.252164748,6.459080328,7.964326773,5.52742257,5.583004605,7.437663955,6.140621005,7.849724497,7.755895869,11.46938855
Central African Republic,,,,,,,,,,,,,,,,,,,,,,,,,
Canada,4.205964582,4.318267047,4.173417492,4.367412577,4.245032332,3.971326117,4.0936219,4.201244308,3.717524742,3.964882814,3.688259963,3.621793986,3.580550311,3.395432226,3.973054321,3.929356745,3.656701281,,,,,,,,
Switzerland,9.206972711,8.838863668,8.331186813,8.445567536,7.515140053,6.377305214,6.62447807,6.156116052,6.063147338,5.422566242,5.329659048,5.22586354,5.009010932,5.040402039,5.333269065,4.636781734,4.431710227,4.274266081,4.049043424,4.570751243,4.624779234,4.373226705,4.475189226,4.403478037,4.468553536
Chile,6.126697627,5.980789062,6.437822791,7.0580171,5.91024855,5.061573121,5.283315787,5.410951195,4.897461918,4.022778691,3.283928583,2.760848695,2.86658375,3.302538499,3.724320045,2.882051658,2.886072761,3.495978641,3.567463442,3.734297047,4.768343656,5.329980218,5.234544664,4.620271386,4.20266452
China,,,8.984366661,9.358110976,10.01174241,9.112847893,9.112440788,8.780160369,4.194618398,4.589312251,,,,,,,,,,,,,,,
Ivory Coast,,,,,,,,,,,1.090675067,1.115444516,1.197016551,1.126361817,1.323710428,1.689732049,1.360675992,1.316043607,1.470584282,1.403998556,1.711806596,4.043444591,3.959292551,4.211116689,3.991820518
Cameroon,3.675939154,6.045663672,4.769620252,4.735612925,4.222945635,4.937589437,6.442043793,4.135294296,8.484668013,5.544147875,5.404972407,4.743812751,4.009863439,2.270588679,5.080100786,3.046369978,5.624370975,5.10501903,7.561116558,7.312150618,7.066866763,8.130812621,8.30711907,8.669952379,8.808916609
Democratic Republic of the Congo,,,,,,,,,,,0.116533139,0.098801632,0.010702873,0.009093271,0.478001952,0.12067896,0.111641025,0.076402972,0.070534532,0.359290988,0.000956195,0.035793511,0.051474317,0.376205306,
Congo,1.067607324,0.630758183,,,0.791270286,0.471788398,1.027682315,1.043363193,1.05981093,0.636388157,,,0.535734183,0.447067473,1.361210454,0.433258121,0.408371851,0.661672246,0.551368367,0.59841051,0.923510695,0.933339427,,,
Colombia,7.229243146,10.3647754,9.253375319,9.074494167,8.830446897,8.306622522,9.845262795,8.676250913,7.572536137,7.818785369,7.666790088,8.211566107,7.447107782,6.749950136,7.827285107,7.423247756,5.928577185,6.375837611,7.028183405,7.551987918,11.23460806,13.16612871,11.96026796,12.38738305,13.21798253
Comoros,48.00848762,,,,,,,,25.93478862,37.51008362,42.71282818,45.53148653,42.46988245,50.24876529,41.40284899,40.22019396,42.29581786,43.89024438,,50.17946586,53.19636268,46.71586982,47.27121775,49.33428751,51.12171288
Cape Verde,34.73797307,36.49069747,37.16221247,39.80433362,45.11708228,45.48867908,48.07516332,53.59420881,54.92314514,53.57154835,50.01568251,59.30334758,66.28900171,60.83666492,62.04750547,61.46656151,55.98522007,58.60952294,57.4129478,50.67651983,57.5770253,55.49185585,56.69471642,53.96351441,56.34247828
Costa Rica,20.6551164,19.60465986,19.93738733,19.7613785,20.19548936,25.12652845,22.7438793,21.86512792,22.27047945,22.21174889,22.9065777,20.87056675,22.32142604,23.19682894,20.56348504,19.38627519,18.78779428,18.32638816,20.04995371,18.94130965,19.87635988,20.26034935,19.36278054,18.96087114,18.83212929
Willemstad,39.31413604,38.102594,38.85638832,40.0105982,40.00316807,36.53906439,35.88610123,37.01756562,35.05231434,34.13155128,27.50135655,23.66244297,25.02287661,20.12868303,29.28495413,26.55648882,20.24635373,17.34382497,16.8927267,24.34635685,29.92547498,37.08941421,32.94049141,33.33755593,
Cuba,,,,,,,,,,,,,,,,,,,,,,,,,
Curaçao,,,,,,,,,,,,,,,,,25.68476771,28.8466994,35.96159607,36.04059293,36.24450423,36.09548979,32.38741868,31.21920658,39.77684482
Cayman Islands,,,,,,,,,,,,,,,,,,,,,,19.07838632,21.75649266,23.01074276,22.92499679
Cyprus,43.8101674,40.50686374,40.65914294,41.17072531,42.75099554,42.5783031,41.44669704,40.46611479,36.92339928,34.44694557,32.85825782,31.46089929,30.21232135,23.07219805,19.47688021,16.51586548,17.63340167,18.88416866,19.97393559,19.1515765,18.16424373,19.41579446,19.25829033,18.01519573,16.6744495
Czech Republic,,,,,,,,9.079314477,8.704104049,7.171617661,6.838692514,6.616028409,6.194299391,6.148253077,6.711997175,5.887772879,5.484537238,5.16162954,4.840401657,4.434457479,4.467596914,4.534096415,4.441942689,4.320956467,4.270823734
Germany,4.226951114,4.201741067,4.369723375,4.357954173,4.285245201,4.162771408,3.9036434,3.941016526,3.667244449,3.623086422,3.743970943,3.667173918,3.320899652,3.250562666,3.650017037,3.402945295,3.170996994,3.168342341,3.264246697,3.31080263,3.216575358,3.268189492,3.201267774,3.159273118,3.21432867
Djibouti,2.771597643,2.417472277,2.152020182,4.471149976,3.799166292,4.191655068,4.028361403,3.903449816,2.727297778,2.712079892,2.466417318,3.196068925,2.218291085,2.132881695,4.00593945,4.27682291,4.575033787,4.481445195,0.675465824,0.692443146,0.876450979,1.239360737,0.873006638,1.249159569,
Dominica,39.08457986,36.11161773,34.99675956,31.00188112,32.52397374,33.21543903,37.93860788,37.34747975,43.91493514,46.75109748,44.06391684,49.8508962,50.05267192,48.48988554,52.04490033,54.00293569,55.51028153,47.42115158,48.33530312,77.09978214,75.30961272,73.42867014,74.01065356,70.90356667,
Denmark,5.621811946,5.086513602,5.078327343,5.126790795,5.300414817,4.973903505,5.294922216,5.832784024,5.478666607,5.075679684,4.221771764,3.867967446,3.624238142,3.264155461,3.697731631,3.505695103,3.436078462,3.433022346,3.444111242,3.949283742,3.984864113,4.47972049,4.639660214,4.509159072,
Dominican Republic,42.17902594,44.01334487,45.20199845,45.02959446,48.18832845,48.45979193,50.32193087,48.44376619,48.80865074,45.54998866,46.43243671,45.74705395,42.84479305,44.94163844,50.72599942,33.91874822,30.95676205,31.09017943,31.92033493,33.21024504,36.01121082,37.02724147,37.8276483,37.70752605,
Algeria,,,,,,,,,,,0.97663848,0.685815999,0.527401574,0.580051994,0.750374409,0.534761702,0.392735346,0.392350205,0.475289539,0.496957474,0.915438623,0.751217242,0.453811508,0.442694006,0.363152036
Early,,,,,,7.681504751,7.795386307,7.663703523,7.283743546,7.853879554,8.237791543,7.587878129,6.905447216,6.298518333,8.216665098,7.398687979,6.387291336,6.123891386,6.381955478,6.909566594,8.154265844,8.122855224,8.482844716,8.494717676,8.944026714
Ecuador,6.062203986,5.879785121,5.540367781,6.594118047,7.053320861,7.636305208,7.706569311,7.310792666,5.5684615,5.16605785,4.250940606,3.46171159,3.895397887,3.564186802,4.279759093,4.008299387,3.441455694,3.939648535,4.52799161,5.137725359,7.262106358,8.606744705,8.957610535,8.970275985,8.759592482
Egypt,22.2775264,25.50177936,27.14488903,23.45344388,29.60584378,27.61503795,25.63607847,25.14311439,23.44930036,23.86465632,23.4602387,22.17278579,23.26005676,22.10336207,26.35560906,27.9186258,19.83507959,22.26895165,15.06188163,16.91673928,18.35802541,9.832174945,20.14241499,24.61085109,26.63547387
Eritrea,43.13096543,34.03514149,41.97608799,30.9524273,41.03441628,36.84044642,,,,,,,,,,,,,,,,,,,
Spain,20.43830307,20.19488035,18.98987843,19.77194487,,,,,,,,,,,,,,,,,,,,,
Estonia,20.42147936,22.1841907,19.27403739,19.27936801,21.78004038,18.75275069,16.80844711,17.15708275,15.57414948,14.95141781,13.35624071,12.59505812,10.04574089,10.11534476,,,,,9.521218921,10.452979,10.68171578,10.30866516,10.39032547,10.25114994,10.04994904
Ethiopia,23.06013791,21.39296408,16.03676953,15.96822696,18.70398996,20.65975423,22.34318309,24.53076811,26.70638265,27.20098326,27.62397008,29.06539322,29.81533136,33.87419444,32.62462289,30.87710126,34.26197065,33.02791572,36.55699771,32.99564249,37.93783175,36.20309886,37.73803732,46.53522828,46.50650067
Finland,5.05178821,5.115773208,5.009933433,4.926811938,4.682748301,3.855617038,4.006194311,4.104015304,4.234486283,3.953410662,3.728979029,3.752135375,3.807244392,3.790753816,4.442720143,4.69179313,5.235803947,5.347127402,5.596349556,5.396474837,4.831126544,4.794654951,5.422684104,5.435346997,5.550777361
Fiji,34.04875008,29.11055522,32.07058874,33.14937095,34.34188999,30.05278205,34.53750334,39.12695996,38.43449205,41.93401849,44.82596856,44.35408024,43.81407475,47.20897788,48.45960788,45.65249529,42.54990024,40.7381117,40.62894187,42.89854321,47.9431108,49.86173138,50.38285504,51.49682871,51.01655689
France,8.627937605,8.782198567,,,11.04995149,9.918545496,9.654467861,9.819081507,9.591224824,9.483096033,8.791882347,8.395298048,8.620916018,8.222979051,8.85556815,7.919609067,8.028665391,8.044522639,7.895720264,7.89710179,8.544974708,8.144358729,8.11275566,7.919585965,7.920723981
Faroe Islands,,,,,,,,,,,,,,,,,,,,,,,,,
Federated States of Micronesia,,,,,,,,,,,,,,,,,,,,,,,,,
Gabon,3.19354756,2.551800472,3.155201398,5.173229276,5.152631701,2.834287919,1.655518744,2.924294833,2.511705645,1.75210832,0.23204353,,0.370642897,0.286724262,0.395945843,0.952867218,0.242449023,0.39314476,0.635491528,0.51565706,0.532471529,,,,
United Kingdom,8.561256823,8.294046435,7.955289653,8.237432638,,,,,,,,,,,,,,,,,,,,,
Georgia,,,13.05483029,34.42573662,23.97510981,12.64364959,15.70456953,14.51309412,13.73801038,12.85599939,13.33765855,14.4405983,13.91237264,13.8036911,16.87079443,18.26927028,20.39348205,25.99202909,26.71612674,28.01667191,33.54528798,37.47329043,39.29876857,39.54311864,37.20363136
Ghana,1.896573524,1.853138754,2.115110348,12.00774183,13.14033882,14.62758621,15.59130674,14.9022012,13.81334056,14.52985977,22.18137232,17.80988823,16.48899681,13.71872241,11.15723821,7.480889823,5.460580042,6.864135237,6.232274109,6.72936919,5.533493245,5.449385297,4.496781303,4.42376537,5.822054899
Gibraltar,,,,,,,,,,,,,,,,,,,,,,,,,
Guinea,0.130101784,1.222609626,0.647989302,0.534965624,0.77452133,1.062540572,1.013399829,,,,,,0.087866445,0.166100317,0.436735721,0.133018607,0.140796422,0.080511823,,0.802782526,1.451928059,0.672818255,0.35719128,0.115222055,0.257379226
Gambia,,30.8613014,34.07498249,,,,,,43.05691755,28.59349031,31.62939036,34.33793135,33.1715938,24.82360273,22.98838157,29.56733287,34.41273846,37.85320782,29.82711359,40.91366647,42.87166641,46.95023382,46.02169827,47.99825125,43.5859284
Guinea-Bissau,,,,,,,,,3.379972397,2.636390994,,,,,,7.972283254,5.130163977,4.443166511,,,,,4.38369778,5.257240449,6.483784401
Equatorial Guinea,1.062605752,2.219846082,,,,,,,,,,,,,,,,,,,,,,,
Greece,26.94066869,24.66859168,25.52647514,,35.36409499,31.50323999,30.68048746,33.36532017,29.43107789,26.23740166,26.12263802,25.87084732,23.39808175,22.11424772,27.15135125,23.13168275,24.04211401,23.19891543,23.91353277,25.35927955,28.01916926,27.87643852,27.30064091,26.37669659,28.33436071
Grenada,61.40770888,60.023638,56.13904142,50.08492759,40.3635437,39.45234731,42.103527,52.71627188,57.92724437,43.49213118,47.69221181,57.91512875,61.56169604,61.11622012,59.81713794,60.94832117,59.63851628,59.0824858,57.21462386,81.07489056,82.61901222,83.27355052,83.37202518,88.20589753,
Greenland,,,,,,,,,,,,,,,,,,,,,,,,,
Guatemala,7.650350641,7.902735562,8.459441677,9.435585637,10.74681762,12.89721078,15.0654978,16.32065293,15.68469024,10.15228426,11.68856117,12.09051441,12.1063986,12.21693249,12.8893078,10.97149062,9.319228452,9.758324157,9.954330036,9.261893066,9.486942938,9.709643597,9.188960474,9.250948364,9.025121343
Guam,,,,,,,,,,,,,,,,,,,,,,,,,
Guyana,,15.72150477,15.56788954,16.15955743,16.2856716,11.90121988,9.887435351,8.001207729,4.21179302,,,,,,,,,,,,,,,,
Hong Kong,,,,3.919679312,3.930274265,3.789383006,3.809551757,4.482758762,3.699667059,4.185416705,4.21647654,4.336758546,4.622940338,4.771096324,5.321521778,5.795818003,6.270548007,6.543989334,6.943915389,7.463110862,7.010745169,6.305705156,5.921903552,6.210802053,5.069243902
Honduras,5.199412772,6.192433783,6.936205166,7.216494845,9.594691535,10.34278234,10.24506229,11.38734044,13.51362594,12.97214119,12.66387419,13.0977315,12.46742293,12.73940842,14.50864124,12.68800425,10.2944502,10.25512603,9.873992903,10.43734701,9.680767603,8.693127203,8.327580583,8.363048003,7.68849002
Croatia,,,,,31.96266157,37.70356284,40.07032679,40.10048716,52.13203019,45.26258348,45.90210324,43.10541199,42.0672954,44.84325597,45.12967609,38.60010226,39.37893154,38.09503259,41.36726013,40.33237094,35.68635545,37.32418961,37.59754069,36.94380464,37.94348378
Haiti,46.78727386,50.10438413,28.22474281,27.65054773,25.41128638,25.41195156,23.63693665,25.6471147,20.43248766,18.1428014,13.22139221,18.28445386,24.38429651,39.25007698,40.23185367,37.68259371,34.76430451,33.66370139,34.84573832,34.77493518,34.84391837,31.13841224,27.65779146,34.76880384,
Hungary,16.18407751,18.30324527,16.86145308,14.23293775,13.14023792,11.93645125,11.85723874,9.454543403,8.362291218,6.261942502,6.502383788,5.844611818,5.146386524,5.953938588,7.146641176,6.150728636,5.915390055,5.557996052,5.754262882,6.085271235,6.326153023,6.729707126,6.854682151,7.147756734,7.645658099
Ida,,,9.27998109,9.075735812,9.454682647,8.363647165,8.402357021,8.309622679,7.300271822,7.167769415,7.658779044,7.250049775,7.461390287,6.791274918,,,,6.61267355,6.987066943,7.282135613,,,,,
Ida,,10.23146978,11.69417862,13.14691698,10.6311889,7.93202349,8.742749199,8.292433962,7.524721574,8.062865191,7.175942427,7.684515032,7.913856592,7.3172448,8.369829197,7.936104536,6.624841875,7.506969248,7.614742074,8.354315472,9.763452216,10.2324448,10.09786319,9.996367768,10.51642573
Ida,9.878969445,9.353341262,11.54932494,13.32667405,8.29829682,5.276512821,5.508989607,5.673155652,4.723322681,4.312482355,3.892131593,4.073238109,4.003993112,3.70892108,4.679867562,3.697964874,3.490117612,3.748011043,3.624183202,4.541247299,6.236754772,6.93203902,7.758249629,6.991304069,6.18847358
Indonesia,,,,,,,,8.806279835,6.427756948,6.630838756,5.3802544,4.553070212,4.769127756,5.580083929,4.829955898,4.571632308,4.243255124,4.484693572,5.024553806,5.81771625,7.034914615,7.488974802,7.564485471,8.453189767,9.198053424
Ida,,,,,,,,11.5549996,11.06811346,12.98965031,11.12962312,12.26453589,12.6814158,11.81079716,11.49964914,11.8493037,9.921113841,11.07324458,11.23770051,11.7115154,12.02693941,12.19080945,11.53196084,11.91959369,13.57007313
Isle of Man,,,,,,,,,,,,,,,,,,,,,,,,,
India,,,,,,6.003500853,5.379024674,4.672944645,5.377673633,5.436142963,4.954650885,4.611618852,4.679233818,4.084303583,,,,4.132071451,4.066427631,4.274449067,5.009438153,5.369238372,5.696352265,5.42657307,5.798366219
Ireland,,,,,,,,,,,4.167283612,4.349106571,4.441242587,4.555287374,4.183464981,3.938134843,4.112745957,3.93672241,4.109497437,3.904171427,3.227862032,3.48357482,3.51037496,3.239211794,2.947962774
Iran,1.081622962,0.61072642,0.970724978,4.399436658,2.512811292,2.277390924,,,,,,,,,,,,,,,,,,,
Iraq,,,,,,,,,,,0.773305173,0.550402279,1.371898089,1.329253073,3.440430342,3.179842437,1.887135481,1.690024732,1.801030419,2.178774153,5.025669607,6.662452808,4.652204406,2.160322939,4.04148796
Iceland,12.38691478,11.73653711,11.67933182,12.94100034,13.04127505,13.31418906,12.60803407,12.48500886,13.04292416,12.44419711,12.42492038,13.25367779,11.88621517,11.85480729,,,,,,,,,,,
Israel,12.70457052,11.83008675,11.77218616,10.94508597,12.70883529,9.896718694,7.050430091,6.170892516,5.686299307,5.486626819,6.457278644,5.936302332,5.957185399,6.468619828,7.14443864,6.913405852,6.364605613,6.673257538,6.676235938,6.620071344,7.002585815,6.878625938,7.270744864,7.204826374,7.212032388
Italy,10.48102108,10.21626259,10.42036168,10.2542421,10.18841201,9.792397363,8.993354907,9.05203188,8.868110827,8.741566885,8.40022905,8.154861582,7.612019342,,,,,,,,7.590352428,7.705431789,7.736378155,7.865479011,8.159989628
Jamaica,35.32808863,36.6547293,37.95010591,40.78255216,42.73184759,43.94593841,44.57838515,46.00541386,46.00761212,44.45005172,44.64204103,43.78654652,42.25573337,40.11471444,51.25943335,52.31779271,48.06005232,,,,,,,,
Jordan,27.9697291,28.00839365,29.75627764,29.85524321,28.75280406,26.42042964,23.37449975,27.54719832,26.21171592,27.02301905,26.19968068,29.58078663,29.33659892,27.86833513,31.38920722,34.42642868,31.65790472,35.80683586,36.16173515,35.54283433,35.18273221,36.51196421,38.80381361,41.21866776,41.83637029
Japan,,1.246093722,1.303695895,1.310215784,1.242171186,1.139915259,1.295601592,1.328310232,2.199493164,2.271831219,2.311341632,1.577072828,1.54848703,1.548152033,1.873824703,1.765078466,1.346678067,1.772849108,2.031099713,2.409112032,3.477077174,4.122612502,4.223578258,4.869289996,5.439668068
Kazakhstan,2.594098844,3.703703704,4.521262853,6.701304836,5.692654453,3.940889883,4.997251338,5.951949901,4.310105521,3.573680471,2.636036728,2.348069352,2.344854403,1.645759023,2.467358492,1.886716501,1.702191851,2.343205975,2.596142685,2.601214448,3.593847236,4.902533121,4.378702717,3.948101881,4.432713565
Kenya,22.26476843,22.47307386,25.89214994,27.75752697,28.24602152,18.01413477,17.79846083,15.95314365,17.14744342,18.65737554,18.13845523,19.86283833,21.43594302,16.86269521,15.21957048,18.03397264,18.49973665,17.88428503,16.66031749,15.52063184,15.04488397,14.8494338,14.96841898,15.42711531,15.36014645
Kyrgyzstan,,,,2.007113041,3.412306946,3.490644354,5.683469532,7.49886527,8.282987036,9.756259833,9.933913677,14.71137548,19.38093745,21.22464794,12.86441478,9.627830998,12.64084063,13.87735922,15.33149528,14.26464314,19.87609527,19.76310056,18.65497614,18.9436719,22.7821221
Cambodia,7.325629385,14.50892857,11.04417671,13.17221945,16.85078691,18.89830809,20.46964045,21.44069663,16.73765146,19.83016859,23.07450853,22.10471677,24.975179,25.4955032,29.46323499,28.17217326,29.05759391,30.00263807,27.47306884,26.87960024,25.7241086,24.6263201,25.4170915,26.24099505,25.20830276
Kiribati,,,,,,,,,,,,,,,,,,,,,,,17.55966551,,
Saint Kitts and Nevis,53.16123387,53.283803,51.34028786,48.97177162,47.25428028,38.66953108,40.54653041,37.1806316,45.4048091,53.10659294,53.38437457,56.00133947,53.64335179,46.87084117,47.48946156,43.24213383,38.75426874,36.92958971,34.32767875,58.59993648,59.73481983,65.97738878,70.2643515,61.38528,
South Korea,4.631870463,4.250402952,3.932877725,5.332013505,5.075576596,4.219615994,4.46792877,3.967619392,3.035475001,2.728494851,2.466351221,2.185055587,2.037137414,2.565105782,3.038450999,2.618038514,2.55675686,2.650116561,2.695930194,3.087003591,2.920941626,3.448621408,2.563090335,3.165174315,3.854010284
Kuwait,2.159657049,2.366457345,2.468683491,4.005781501,2.480990778,1.849654492,1.597678586,1.880730237,1.315246154,1.214464992,0.824723373,0.782773315,0.729074716,0.616767916,1.001682468,0.753879309,0.570155016,0.607101822,0.507690704,0.553756937,1.516508729,1.593610444,1.063618225,1.078652452,1.644848188
Laos,15.84882658,18.25028969,14.49275362,20.15375026,22.35508188,,22.24110408,23.0705957,16.6352132,22.50447242,18.88252626,14.47360224,15.82234201,18.74748241,18.69045484,17.05502743,17.18240854,16.24895413,20.11797388,15.89742971,16.12050371,14.11518112,11.58529907,13.02952547,13.94380002
Lebanon,,,,,,,,,60.20984767,50.12311462,45.13390048,37.66922971,35.48699091,28.59770686,33.92417308,38.71897895,29.07318516,36.55883736,35.20436292,36.25708931,36.41595823,39.04738177,42.69285223,45.37386109,47.87348218
Liberia,,,,,,,,,,18.60125875,19.39209839,25.24776256,24.15317392,20.82866733,27.08816626,,,,,,,,,,
Libya,0.053238047,0.050277663,0.036567002,0.428642515,0.531705467,0.687960688,0.831946755,1.970347249,1.824324324,1.461202553,1.024401865,0.642748011,0.210470369,0.159272046,0.424679487,0.344512424,,,,,,,,,
Saint Lucia,60.57709191,67.11627614,70.53830506,72.58754014,71.14874004,74.56071386,71.07719632,65.7912432,72.28559612,70.22310085,72.7735625,66.78660513,66.06486613,58.0160526,54.41655376,50.7499104,56.03637757,55.78789756,57.62429623,84.45768104,82.57722551,84.40321953,84.44222679,88.77486525,
Poverty,,,,,,,,,12.06582589,15.55450365,12.89593216,12.0249606,11.70698471,10.5071901,13.77196027,15.15926743,9.232083738,11.52727791,11.62866626,11.57801358,12.43604201,12.6359651,11.35634435,12.83952821,
Liechtenstein,,,,,,,,,,,,,,,,,,,,,,,,,
Sri Lanka,7.948647802,5.801586751,6.365653459,6.445908309,7.445371221,6.083162304,5.621854921,9.954000452,10.8345342,11.09304982,9.243226068,8.615918008,7.966096294,7.940274894,8.399336074,9.405396932,10.41582678,12.93702749,16.61877249,19.58765882,23.47849839,26.31268914,26.63462476,27.67497736,24.01835009
Lower Carniola,,,,,,8.516539504,9.477961658,8.856830206,9.450633792,9.238447202,7.883270612,7.622857426,7.824233944,6.924445347,8.89966972,8.046709705,6.707633549,6.279458886,6.145054655,6.383545122,7.236917326,7.330072799,7.685231895,7.789566812,8.272763887
Lesotho,15.75212381,15.52433105,12.57026916,9.377673805,10.16369239,,,,,,,,,,,,,,,,,,,,
Altare,,,10.1259201,10.00162175,10.23658498,9.356779643,8.857187946,8.825105507,6.860704138,6.585634302,,,,,,,,,,,,,,,
Lithuania,3.196177121,8.193455804,8.617412789,11.28981676,16.17949106,9.683463347,8.051339127,8.82116342,8.64596715,7.538239429,,,,,,,,,,,,,,,
Luxembourg,,,,,,,,7.986208385,7.903906258,7.793617952,6.714847701,5.541343507,5.315346178,5.59905034,6.088263343,5.265468164,5.366961977,5.281243189,4.891236479,4.798791461,5.276246398,4.751461087,4.279557073,4.007158957,3.917032436
Latvia,1.772350659,9.60124492,9.076106435,7.919520548,5.777945619,7.341635827,6.002369256,6.91538965,6.94143884,6.373979702,6.135091944,7.18530051,7.251718505,,,,,,,,,,,,
Macau,,,,,,,,64.40627996,68.23151304,73.67118694,69.98044893,72.60208627,76.9840244,82.04721588,89.57678298,91.89207568,93.48600244,93.33906404,93.65198591,92.32754181,89.40816001,90.19220466,90.18823706,90.90857744,90.36245036
Collectivity of Saint Martin,,,,,,,,,,,,,,,,,,,,,,,,,
Morocco,19.41563458,22.70740119,20.97153846,23.3573596,24.68938535,25.7601314,31.06519256,30.00201058,30.825748,31.31397949,32.70229729,35.53941895,34.68547498,29.07972222,33.25164489,30.2305823,28.5792243,26.25652921,25.14533159,25.04593437,23.32369632,23.03285094,23.39569039,22.00982123,22.58673323
Monaco,,,,,,,,,,,,,,,,,,,,,,,,,
Moldova,8.035946714,5.382768681,7.382724425,8.657188848,8.889856492,10.17239533,9.127820969,9.535034631,8.432423201,9.538327897,10.35864947,11.34601566,13.11982583,13.6296186,14.0443685,11.36927415,9.231433662,10.30398605,10.65554631,11.08591244,12.05584266,13.1132543,14.16934613,14.48230118,14.39123964
Madagascar,14.15144162,13.06367002,17.18927758,20.243242,18.77123895,18.46767863,14.68003815,10.03985408,14.6642939,26.08063187,20.75372433,23.36726591,17.5325747,16.53839991,16.67995391,19.71931722,18.98460824,20.90777207,19.3602379,20.78665029,22.069862,26.89937301,20.47228155,19.943296,23.21583741
Maldives,,,,,,,,,,,,,,,,,80.41653154,81.73944836,83.29052199,85.20253232,85.56153421,83.87466006,83.48718161,85.204845,84.73792624
Mexico,10.84376256,9.991922875,9.705972368,6.429549892,5.493065381,5.077383399,5.35920235,5.498920607,5.670631815,5.747434569,5.554554816,5.004666641,4.849408436,4.752488127,5.117414977,4.017189761,3.405433207,3.434453666,3.58831123,3.964818918,4.637201993,5.173842305,5.13647127,4.957611378,5.246454339
Marshall Islands,,,,,,,,,,,11.08485327,12.94465709,11.90077588,9.072404959,10.02127197,6.731839002,6.189411574,3.504619252,3.812576521,6.08609465,3.179603811,65.96954212,18.69318484,15.59304199,
Republic of North Macedonia,,3.356187371,3.032489465,2.975605203,7.360665917,7.747339915,4.81980542,5.582984235,6.617731205,6.172087938,5.541254889,6.12783003,6.063458462,6.154363088,7.744543761,5.517905191,5.047775138,5.470621204,5.75787481,5.501283134,5.463302247,5.202458237,5.303294987,5.082831653,5.140791077
Mali,4.911204947,5.145731653,3.890278475,4.37771468,5.28624714,7.289768032,10.37471242,10.0051219,11.77810151,11.6415591,10.83069042,9.403510808,11.72868583,11.1641514,9.17353466,8.529168072,7.773702581,4.303770115,5.395424546,6.601684076,5.903129906,6.131514531,6.046838542,5.5180896,
Malta,27.15011811,27.4463052,28.50968171,27.20072675,25.99811737,20.43348525,22.34221332,21.10083727,21.48988684,15.18461887,13.79779089,11.50724082,11.47937962,,,,,,,,,,,,
Myanmar,13.05855472,15.74379037,12.23095103,11.58875873,12.41494899,9.242836362,5.342487705,5.614265298,2.682614589,3.321597312,2.193971905,1.300899954,1.690680066,1.277531499,1.199493248,1.181209181,3.949157799,5.819110928,7.934433219,12.83799145,16.04397677,17.58492969,14.58689473,10.61813298,14.27235894
Montenegro,,,,,,,,,,,,,41.73514211,47.26144569,55.10531436,51.09392343,48.06887586,50.5704048,50.42448885,52.05141457,55.26809955,54.81107983,54.80565838,52.16346716,52.63670918
Mongolia,6.492228999,4.174493843,4.02446877,8.700481303,8.186798696,7.010773095,7.695922102,20.1839489,18.43824836,16.93806804,13.71118968,12.85913006,13.82466651,8.982940465,11.00734536,8.486342891,4.304187281,4.82930863,5.270053652,4.228466309,5.433036983,6.761988895,6.793468522,6.818774295,7.18904943
Northern Mariana Islands,,,,,,,,,,,,,,,,,,,,,,,,,
Mozambique,,,,,,,,,,,6.611648419,5.221892944,6.339588968,6.638491253,7.865585353,5.236314502,4.90777474,4.819641644,4.781771861,4.847849296,4.884073869,3.024927,3.046734444,5.538489387,5.785755954
Mauritania,,,,,,,,,,,,,,,,,,1.794608188,1.761981536,1.894557339,1.896329593,1.975325933,1.270119853,0.291008929,0.542632176
Mauritius,26.21972499,25.4390571,26.70653194,25.9835632,27.35434499,27.91361952,28.76976834,28.10154264,30.20619078,33.51939308,31.65216171,32.54883204,37.42907113,36.99414797,33.27350666,31.97768961,31.0334939,29.35418381,28.21718673,28.65986242,31.14206917,35.0677546,37.18753081,38.68914482,38.49239585
Malawi,4.684537782,5.674748382,5.526217348,4.377685068,8.439232186,6.629810106,8.482600515,9.536705303,10.65451637,13.105563,7.885801064,5.728517048,4.901742509,4.197025574,3.413851739,3.680588445,2.244020261,2.532749252,2.364932038,2.192323674,3.070631456,2.542086425,3.323234607,4.770458503,4.739164737
Malaysia,6.050229953,6.222281749,5.280618109,3.881317199,4.588006534,5.230374203,7.450942082,7.468982371,5.734173108,6.381494285,6.438690954,6.726341703,8.728680616,8.067439671,9.246603715,8.836921701,8.400564761,8.706123506,9.527162902,9.805688193,9.158833531,9.786170402,9.079494186,8.855730799,9.313598926
Namibia,,,,,,9.775598189,17.5192609,18.24421726,22.84536696,18.49907514,14.63079457,14.93247476,15.38630223,13.11059192,13.94021541,10.24573991,11.04390239,8.537694811,8.197427172,11.43698149,13.20767956,7.902745366,10.01473951,9.854847461,9.854202719
New Caledonia,,,,,,,,,,,,,,14.90064506,16.22219186,11.64674433,12.40829106,14.78527938,14.9797084,12.97777008,13.88882921,13.22556049,,,
Niger,,6.95029318,9.210764194,7.310934212,7.819035553,7.187017366,9.135206156,6.092453112,6.609517407,6.082721077,7.765557834,6.51041347,5.881203395,8.211167058,6.265941576,8.298644045,4.025574203,3.360323414,3.398279618,5.77342426,6.063615737,6.825609013,6.352385238,7.862160577,9.375080561
Nigeria,1.22379488,1.098593644,1.701318191,2.88454951,0.7144979,0.887174471,0.855184095,1.411444708,0.211303064,0.128599615,0.243885124,0.352844808,0.499302225,1.088531002,1.35461161,0.889971588,0.671629135,0.647559376,0.619599965,0.715238618,0.939900058,2.829829919,5.142779817,2.993694676,2.103630753
Nicaragua,8.312680587,8.517518212,10.26110765,12.37885547,15.21776865,,,,,,,,,,,,,,,,,,,,
Netherlands,4.513029699,4.878942904,5.094219565,4.966357844,5.145955019,4.566376122,4.499915854,4.511315361,4.531138263,4.019876485,,,,,,,,2.602150153,2.732465417,2.704646572,2.774522738,3.116099301,3.139494538,3.091366106,3.158027194
Norway,4.869972069,4.268121224,3.948797358,4.509997549,4.40086068,3.22747416,3.059018152,3.265324305,3.309017054,3.256579188,3.184997872,2.791109201,3.064178997,2.660560185,3.251463029,3.106611683,3.191304408,3.287633799,3.51827615,3.8834327,4.378637288,4.820883051,4.548823784,4.402328903,4.812682179
Nepal,22.54824825,20.67688938,15.70966894,23.68254438,18.06855483,17.08166288,16.84595454,14.29726986,21.57523594,21.07093932,12.46856028,12.71796036,16.29225618,20.64042157,28.47235039,24.05296789,22.28265523,19.65172189,21.0484137,21.19632981,22.68615527,23.52849599,29.294902,27.63664514,29.38127199
Nauru,,,,,,,,,,,,,,1.865184508,1.280613361,2.305910192,2.344922417,1.446812229,1.799917966,8.324647404,4.134086308,6.33452944,9.778542008,5.144511542,
New Zealand,,,,,,12.20276377,12.26298215,15.12272657,17.00979571,16.92434983,20.16374054,19.01559681,18.50909724,16.22494325,16.88131589,15.06631069,14.20382213,14.06202791,13.96521124,15.16910808,19.08404192,19.67949451,19.00053334,18.81020503,
Oman,,,,5.720959398,4.574984017,3.203113052,4.606123358,4.57697659,4.429985229,4.25726787,3.193978537,3.27113244,3.431343063,2.79429464,3.730555309,2.791061755,3.065947384,3.142707126,3.179279375,3.476411639,5.750076036,7.476593073,7.137280042,6.204478395,7.059935109
Pakistan,5.698283422,5.606507826,6.194932576,6.073184052,5.500279486,5.511653496,5.09024926,4.622470801,4.196277496,4.773192255,4.333943994,4.474196689,4.155654789,3.870841103,4.257607673,3.557171372,3.585403875,3.231975521,3.122191525,3.173824933,3.198853307,2.94016821,2.933054473,2.745744989,3.234415221
Panama,4.888112164,5.826106893,5.620189726,6.009160305,7.118338867,8.042414773,8.34483624,9.379128137,10.59093184,10.22534254,10.48845134,11.45166993,12.28295689,11.58982111,12.22022125,12.74929468,13.35309935,14.74660603,17.82360583,20.33000453,22.06787578,24.92468857,25.14432771,25.00682254,24.63809871
Peru,8.23968443,10.85742263,11.21340294,13.13195119,12.21775395,10.4936515,9.354403376,9.389052004,9.633885093,8.444842303,7.419488917,6.794161838,6.490107672,6.984062627,8.026156909,6.333791216,5.634620246,5.913460069,8.108103073,8.677863279,10.30452968,9.982626827,8.607985294,8.124500326,8.601569444
Philippines,4.258257138,4.631233204,5.814443206,3.870391908,11.24729632,8.499326317,8.234716023,7.461913918,6.234593262,7.33984399,8.477273945,9.691696084,11.92762109,6.898713175,6.745784468,6.307517084,7.091283665,7.427028991,8.252323646,8.044152548,8.876015447,8.505771841,9.635769402,10.74979314,12.09086478
Palau,,,,,,,,,,,76.17296244,74.84924825,77.54377075,78.33499304,82.13265033,79.44461096,81.92752184,82.80660183,84.03469664,82.73808094,87.12994666,84.3029674,86.26232393,,
Papua New Guinea,,,,,,,,,0.200931162,0.251423041,0.25952741,0.08694076,0.088063465,0.059962982,,0.039614868,0.069486249,,0.058014135,0.030813338,,0.019236714,0.148815808,0.039916738,
Poland,19.39466906,23.49345915,22.83458609,19.21398388,16.91174557,13.23513531,9.959934651,8.754997446,6.557127222,7.422795415,6.768431002,6.250814607,7.059878654,6.315062725,6.015879293,5.161968187,5.115501249,5.307864292,5.10945554,4.95643446,4.765258517,4.864236317,4.867485546,4.800046863,4.747774481
Predazzo,7.178641297,6.800099858,9.453844578,11.42675408,7.089649305,3.918993482,5.312463942,5.573973254,4.709886499,4.210860353,3.01782345,2.970771923,3.241077877,2.759201249,3.960308708,3.408134397,2.906057764,3.172137046,3.406759363,3.938459411,5.62010368,6.832910032,6.414176654,5.070444982,5.468019472
Puerto Rico,,,,,,,,,,,,,,,,,,,,,,,,,
North Korea,,,,,,,,,,,,,,,,,,,,,,,,,
Portugal,17.51865225,16.96220137,16.99279751,18.80269502,17.88974205,17.96734493,18.65807947,18.11263719,16.92476336,16.88269809,16.81719763,16.48168289,17.09018391,16.8880409,18.444708,18.03261006,17.37279092,17.67133435,17.67600797,18.8118794,19.5412514,20.70490514,22.65997629,23.03863051,23.45542178
Paraguay,2.886782425,3.071174752,2.992247058,2.512594319,2.489699092,2.285749024,2.626747621,2.214555527,2.22018519,1.978782769,1.879014631,1.778043568,1.550968138,1.262566085,2.708318422,2.191304316,1.962399553,2.357826578,2.080339756,2.265656677,2.949582547,2.804105447,2.830196646,2.73725096,3.081600861
Pacific,31.05329912,27.33323838,28.75062134,31.45458926,31.66986612,29.1944632,33.41051608,39.90681266,38.20007985,41.93150054,44.13985883,45.48546987,44.87312687,46.93876108,49.55727886,46.44706439,42.09329753,40.20161561,41.4451393,42.90796707,47.55247629,48.87726195,47.82989439,47.22970207,48.87335821
Post,8.451438053,7.708567674,7.452044517,7.407421321,7.316767059,6.819406802,6.742450995,6.649072782,6.387256786,6.224774993,6.286585272,5.820599758,5.733464678,5.613314898,6.199371059,5.868242454,5.754322107,5.853202327,6.12252868,6.305723834,6.738156044,6.859342896,6.697016826,6.700422481,7.020387111
French Polynesia,,,,,,,,50.92907529,59.29865618,61.40744942,59.39519841,,,48.29138465,47.98568856,56.07001894,56.7926188,63.46298378,63.88765553,66.30249606,67.64526619,65.07749315,,,
Qatar,,,,,,,,,,,,,,,,,3.663063429,5.053329462,5.848712401,7.541957515,13.14426386,17.37340767,18.49317736,14.85847606,16.99908073
Romania,7.327448687,6.950207469,6.062738789,3.686587543,3.158872716,3.309533809,3.204834022,2.547283958,2.625106661,2.315026697,5.48922878,5.533356319,4.802788406,4.665139565,3.709118808,3.035670589,2.969992225,2.976865644,3.019041735,2.882060342,3.030460574,3.147562538,3.984082114,3.836594114,4.202126458
Russia,,,,,,,4.324947212,4.50397981,3.986155922,3.615996327,2.902895487,2.91716748,3.182966309,3.022539902,3.606636211,2.996379765,2.957721584,3.030991635,3.412066397,3.457644583,3.354918269,3.857950747,3.639129249,3.683924508,3.578462403
Rwanda,,,,,,,,,,,,,,,,31.87575668,31.26022805,30.07905745,28.02517983,28.30733471,29.46808715,29.20919079,26.07800595,26.77099093,28.20362484
Saudi Arabia,,,,,,,,,3.454028744,,,,2.767583131,2.098474041,3.337679525,2.878190516,2.47644881,2.103052292,2.241159506,2.609493041,5.129571924,6.690229488,6.258506969,5.3899988,6.94361064
Sudan,1.174743025,1.192250373,0.639284002,0.327064595,0.232099339,0.272613271,0.175100683,5.189114391,0.65925969,0.549467801,2.293161219,3.271233964,4.153508166,2.109531214,2.691949088,0.704078945,1.623409523,15.06253019,12.78170191,16.0583803,19.38185182,21.75408308,17.49850951,20.87792437,
Senegal,11.16880053,12.03671773,13.44570425,12.99682267,12.68361277,11.6074132,12.4882319,13.74376422,14.74331596,13.10342143,14.17840468,13.69164222,21.61470744,18.24340904,15.18952975,14.42954143,13.84226333,11.8221967,11.75897464,11.19572975,10.38100579,10.725182,10.23234181,10.53519996,
Singapore,4.785380914,4.37645833,3.73201087,3.219240785,3.336879957,2.841496496,2.825955079,2.616960976,1.942188286,2.164424119,2.157613577,2.223493879,2.354763969,2.394153911,2.489703451,2.985991282,3.156462825,3.237695465,3.205096228,3.170294626,3.024451155,3.606126928,3.381600815,3.066715429,
Solomon Islands,8.138749483,7.454178097,4.276907883,3.60589629,4.39172499,3.29167583,9.601712652,1.61831893,1.741298511,3.022970276,4.378132495,19.00683508,15.13805072,12.02784404,17.53766404,16.09329256,12.26858375,10.56876997,12.29272334,11.41304118,11.40823329,12.7960241,13.30220048,13.51635859,13.86792322
Sierra Leone,44.42473586,26.45198544,21.00690468,11.8357726,20.95594384,18.16694179,17.25853539,38.70618152,33.92634491,27.93591869,24.44780475,7.602845819,6.656225832,10.28871412,6.787769409,6.236995441,8.174434379,3.816961332,3.755629088,2.328277093,4.73413343,5.201886221,4.621621994,4.045863137,
El Salvador,9.700369344,9.38922715,,,18.37837838,17.41799195,18.56567814,20.67050188,24.39569281,26.40916392,19.62820118,18.19305322,18.23298676,14.7824731,13.02246555,12.99506481,12.40100501,14.72934428,16.12412505,19.41027217,17.39933218,16.89661967,16.98337488,18.10976403,20.65359268
San Marino,,,,,,,,,,,,,,,,,,,,,,,,,
Somalia,,,,,,,,,,,,,,,,,,,,,,,,,
Serbia,,,,,,,,,,,,,9.134134257,7.888135232,8.768054481,7.543068584,7.404836186,7.334826212,6.59180338,7.048801501,7.579041329,7.595332803,7.804657576,7.774276386,7.654856269
South Sudan,,,,,,,,,,,,,,,,,,,,,0.873248046,1.427001293,1.094772797,0.387776008,
São Tomé and Príncipe,,,,36.2727717,56.18208247,60.85802774,56.03867982,46.7117073,46.87489351,51.09732725,45.78467708,41.57664713,37.00796752,43.97643866,42.31923503,45.6519657,54.18690307,45.54162065,62.966946,64.41015858,69.45692505,71.55891253,71.51078835,73.19355971,
Suriname,,,,,,,,,,,6.781576717,7.724470271,4.527412553,4.093307689,4.145691442,2.967106604,2.42304634,2.750860246,3.553653142,4.380107407,5.37126638,4.606773372,2.845987505,3.264995639,2.798731789
Slovakia,5.74331062,6.253793614,4.700161015,3.788754663,3.842789725,3.119475595,4.205682452,5.679373991,4.661050384,2.356590594,2.845120882,2.885469365,3.264598317,3.829452918,4.218209175,3.430870027,3.017677337,2.780637097,2.931692659,2.862985299,3.109588137,3.386796159,3.349772976,3.292890384,3.458646542
Slovenia,11.6787112,13.01964135,12.46667074,10.80098589,10.13706597,9.539906103,9.415007112,9.043308972,9.123224264,8.861422759,8.589335438,7.940358881,7.461316216,7.986044358,9.730254884,9.080648368,8.413691249,8.234238586,8.265640713,8.046064177,7.820793413,7.821521455,7.549065043,7.351255794,7.364415693
Sweden,4.608689319,4.473873299,3.997644156,4.767944927,4.652110048,4.299293655,4.942843988,5.30873619,4.981803627,4.767248685,4.38454438,4.87548745,5.061739597,4.564704867,5.186846393,4.845726716,,,,,,,,,
Eswatini,5.340244259,4.472902025,4.243718487,4.822536246,1.51819658,1.937479156,2.015772215,3.877167876,3.804486765,3.789657624,4.283361779,4.086259976,1.519661978,1.507808684,2.258578444,2.491728599,0.602381113,1.628582697,0.227037347,0.804915459,0.814370093,0.778738158,0.689302003,0.863457196,0.6908945
Sint Maarten,,,,,,,,,,,,,,,,,71.00894067,72.98308937,70.98485228,73.90765014,75.10155877,74.82279204,67.14600615,58.38494482,64.9167717
Seychelles,67.43045705,54.5371924,52.78570725,51.57753901,47.75903472,46.70862664,43.28235289,44.90966557,41.82736682,40.78372898,37.37823377,37.98373525,46.38464675,45.22931468,41.06875322,41.86747201,40.320199,34.79916596,33.24366553,35.02663124,37.23763929,37.32659647,37.42992765,36.40423071,38.40383455
Syria,,,,,,,,,12.44854507,19.14882799,17.67720639,16.04550149,19.0305239,16.0815703,24.11058827,32.17416736,,,,,,,,,
Turks and Caicos Islands,,,,,,,,,,,,,,,,,,,,,,,,,
Chad,,,,,,,,,,,,,,,,,,,,,,,,,
Togo,,,,3.022273283,2.173603957,2.590358382,3.260804679,3.096787331,3.746060117,3.322961452,3.327888346,2.765046654,4.157012442,3.858674761,6.076289639,8.091584824,12.36853369,11.76509383,11.60049887,12.82323621,14.14569671,14.12841206,15.422428,15.79650739,15.85455304
Thailand,13.16937735,14.51639371,12.49945476,12.06824318,13.18578665,12.15114362,12.32219222,12.75496862,11.13742677,11.44898214,9.361312233,10.89718781,11.371641,10.80353227,10.88707805,10.47162009,11.76069579,12.60683894,14.79667208,13.80258228,16.52298146,17.47694227,18.72857093,18.68119545,19.87505626
Tajikistan,,,,,,,,0.650925382,0.623288012,0.78698765,1.849497715,2.316777026,3.089602402,4.110925741,3.253735831,16.80317134,17.51770627,21.84804368,24.89257284,26.33137323,17.70344909,16.63102866,15.25381267,15.31007041,14.40295948
Turkmenistan,,,,,,,,,,,,,,,,,,,,,,,,,
Timor-Leste,,,,,,,,,,,,46.83561862,37.59413978,24.078208,24.18747787,25.29253084,17.77628361,20.44994969,33.006023,39.06460116,56.03970712,59.92936601,66.42643772,64.00151534,
Tonga,,,,,,,,,,29.21290236,32.12999445,,41.07080951,35.00164821,42.09831276,38.40819,48.24577337,49.78036438,51.20951994,51.27548213,66.04335517,51.08156554,47.54671422,45.87470458,50.76375863
Trinidad and Tobago,8.28951132,9.306214574,11.48806548,12.15118531,10.73940036,7.682908745,7.41531912,8.840605208,7.430835416,7.692246579,5.451045616,3.474597288,4.397562049,2.848051747,5.49716432,5.209398244,3.495320411,4.728247921,4.470322194,5.251012597,6.294829059,7.483755411,6.748463763,4.675908761,5.028323815
Tunisia,23.03589319,23.24941759,22.73487147,23.50579128,24.2441817,23.09982909,21.77722138,19.34165787,17.76645674,18.01138689,19.22011594,18.87224475,16.89537064,15.58613096,17.78424023,15.71511778,11.2426709,13.23369162,13.02769952,14.09962856,10.70880481,10.09519273,10.13406266,11.94736521,13.99231636
Turkey,,,,,,,,,,,19.5239394,15.96466201,14.89974894,14.8558011,18.09093907,16.71610318,16.50013341,15.35938808,16.78724693,16.99103925,16.94675141,13.32090284,14.36628573,15.48859962,16.90815339
Tuvalu,,,,,,,,,,,45.6791503,39.79815469,45.92231084,46.78937795,27.20730832,17.06911325,16.1629058,10.75241109,41.9752082,,,,,,
Tanzania,,,27.51400122,33.91927741,38.85835359,27.99409376,35.43319865,33.63689575,30.15757893,29.13659598,28.09880314,28.615518,29.61756957,23.18215939,23.13334822,20.07842098,18.6936465,20.21755308,22.92037556,23.92398764,23.35202721,25.36246087,27.14971645,29.67239774,27.17274071
Uganda,,,,,,,27.33284909,27.60175399,22.18207631,23.66892223,24.77265376,20.12964264,16.55792068,17.63320553,20.36528991,23.1252032,22.72896812,23.44080721,19.46560501,20.05995597,22.18392755,23.11599144,18.72238345,25.02099308,22.21009291
Ukraine,,2.392140111,2.343404569,3.248749322,3.130445606,3.066782874,3.810814882,4.544422754,4.405737705,7.427586731,8.309482475,8.309378554,8.662802058,8.14985451,8.350614439,7.155700485,6.462487448,6.921263119,7.257798064,3.459869185,3.47248339,3.745000869,3.74277028,3.834259932,4.083013406
Upper Austria,,,8.776191971,8.483272042,8.721828947,8.150899603,8.011721457,8.051989694,6.383949012,6.313147739,,,,,,,,,,,,,,,
Uruguay,20.67411885,23.13370763,20.44010244,,,22.59804992,21.45896978,15.18528995,13.72630335,13.88443479,13.74533694,12.28565399,13.38457062,12.75045836,16.75947972,15.57070315,18.58984457,14.52229493,13.49344464,12.40361277,14.129984,15.44484632,17.35813674,15.85151501,13.66545966
United States,11.80052291,12.00007515,11.45550527,11.26199256,11.18132636,10.92522175,10.38583208,9.878865627,9.221537085,9.177987554,9.034568945,8.267127325,8.116516569,8.060947759,8.608239138,8.642788321,8.347577577,8.681516365,9.212865372,9.309737931,10.11268627,10.21066542,9.777482569,9.532059183,9.47040979
Uzbekistan,,,,,,,,,,,,,,,,,,,,5.105416804,5.808164572,5.488194892,6.727242177,9.295983288,9.880284328
Saint Vincent and the Grenadines,,,,,,,,,,,,,,,,,,,,69.7074191,74.36001015,73.14182582,73.47383006,71.78631014,77.86021141
Venezuela,4.794487544,4.058544304,2.47369466,4.019864088,2.881469863,1.351156694,2.414149699,1.741383032,1.344812865,1.35844245,1.265379088,1.255922052,1.3488385,1.116653094,1.73596228,1.287628581,0.842611468,0.903701778,1.017973946,1.171844483,1.682661384,1.903500209,,,
British Virgin Islands,,,,,,,,,,,,,,,,,,,,,,,,,
United States Virgin Islands,,,,,,,,,,,,,,,,,,,,,,,,,
Vietnam,,,,,,,,,5.977541523,5.600948867,6.280206428,6.343765303,6.869264164,5.63917866,4.851897808,5.583648067,5.3977407,5.510240198,5.079058167,4.597144931,4.242007999,4.495427885,3.895893317,3.899608298,4.21257291
Vanuatu,,,,48.73465714,42.00560816,43.94995951,41.68185027,63.26210395,60.36400311,57.97195096,58.77037517,59.39618103,64.69761111,68.25470902,70.5131672,74.35550871,71.03793511,75.17965164,80.31940913,74.26123737,80.39400679,77.09061702,75.54079465,75.28938558,76.62899809
Samoa,55.38079757,53.69913886,48.21509758,47.73638753,53.48045939,,,,,65.57860428,52.08658638,59.30498455,56.32781472,61.95462098,66.35753838,60.56858567,64.73200379,66.70595318,59.61550856,65.37574256,61.53462549,59.89936807,59.98735527,63.87741753,61.19693516
Kosovo,,,,,,,,,,,,,,,,,,,,,,,,,
Yemen,,,,,,,,,,,,,,,,13.92588872,8.763445825,10.70803459,11.46618134,12.71420421,6.212158837,12.36056299,,,
South Africa,7.714637,8.837835046,9.359678919,9.88300776,10.09664877,9.022756451,9.067389258,10.01833238,14.09239017,12.95604876,12.67298526,11.65960171,10.95844497,8.924506914,10.39605363,9.549468145,8.434235446,9.498458217,9.211202411,9.492513218,9.486590609,9.626961974,9.317282305,8.80085037,8.551087071
Zambia,,,,,,,,,,,,,,,,,,,,,,,,,
Zimbabwe,,,,,,,,,,,,,,,6.974598471,3.820586846,3.367463495,4.042160614,4.394619134,4.597857932,4.818168832,4.778703499,3.40501344,3.688564604,5.41111481
